X,Yintra,Yextra,Igx
1,-0.424895,1.9449,0.5
2,-0.120923,3.00092,1
3,0.25828,3.82172,1.5
4,0.647486,4.47251,2
5,1.01959,4.98041,2.5
6,1.35942,5.36058,3
7,1.65713,5.62287,3.5
8,1.90566,5.77434,4
9,2.09975,5.82025,4.5
10,2.23532,5.76468,5
11,2.30919,5.61081,5.5
12,2.31888,5.36112,6
13,2.2625,5.0175,6.5
14,2.1387,4.5813,7
15,1.94656,4.05344,7.5
16,1.68563,3.43437,8
17,1.35581,2.72419,8.5
18,0.957428,1.92257,9
19,0.491147,1.02885,9.5
20,-0.042,0.042,10
